App,lavgbw,savgbw,pcuUtil,mcuUtil,mcUtil,totalFUUtil
TPCHQ6,94.026,0.0,42.199999999999996,50.0,94.1,24.6
BlackScholes,84.537,14.089,57.8,10.9,20.599999999999998,59.0
Kmeans_plasticine,0.778,0.003,12.5,17.2,8.799999999999999,12.9
SPMV_CRS,0.0,0.0,76.6,18.8,29.4,9.9
GEMM_Blocked,9.353,2.338,73.4,65.60000000000001,17.599999999999998,8.7
GDA,0.776,0.0,17.2,45.300000000000004,14.7,9.8
